{
    "views": [
        {
            "name": "Enemy",
            "position": {
                "x": -6.740878582000732,
                "y": -10.922652244567871,
                "z": 0.0
            },
            "rotation": {
                "x": 0.0,
                "y": 0.0,
                "z": 222.3156280517578
            },
            "scale": {
                "x": 1.0,
                "y": 1.0,
                "z": 1.0
            },
            "trackType": 1
        },
        {
            "name": "Enemy",
            "position": {
                "x": -5.77375602722168,
                "y": -5.793831825256348,
                "z": 0.0
            },
            "rotation": {
                "x": 0.0,
                "y": 0.0,
                "z": 95.95918273925781
            },
            "scale": {
                "x": 1.0,
                "y": 1.0,
                "z": 1.0
            },
            "trackType": 1
        },
        {
            "name": "Enemy",
            "position": {
                "x": -3.811570405960083,
                "y": -14.739453315734864,
                "z": 0.0
            },
            "rotation": {
                "x": 0.0,
                "y": 0.0,
                "z": 74.85855865478516
            },
            "scale": {
                "x": 1.0,
                "y": 1.0,
                "z": 1.0
            },
            "trackType": 1
        },
        {
            "name": "Player",
            "position": {
                "x": -35.209999084472659,
                "y": 12.199999809265137,
                "z": 0.0
            },
            "rotation": {
                "x": 1.0000007152557374,
                "y": 1.0,
                "z": 1.0
            },
            "scale": {
                "x": 1.0,
                "y": 1.0,
                "z": 1.0
            },
            "trackType": 1
        }
    ]
}