{
    "views": [
        {
            "name": "Player",
            "position": {
                "x": 23.408750534057618,
                "y": 11.48717212677002,
                "z": 0.0
            },
            "rotation": {
                "x": 0.0,
                "y": 0.0,
                "z": 102.60740661621094
            },
            "scale": {
                "x": 1.0,
                "y": 1.0,
                "z": 1.0
            },
            "trackType": 1
        },
        {
            "name": "Enemy",
            "position": {
                "x": 9.071850776672364,
                "y": -10.239898681640625,
                "z": 0.0
            },
            "rotation": {
                "x": 0.0,
                "y": 0.0,
                "z": 271.869873046875
            },
            "scale": {
                "x": 1.0,
                "y": 1.0,
                "z": 1.0
            },
            "trackType": 1
        },
        {
            "name": "Enemy",
            "position": {
                "x": -12.532571792602539,
                "y": -7.250572681427002,
                "z": 0.0
            },
            "rotation": {
                "x": 0.0,
                "y": 0.0,
                "z": 224.15921020507813
            },
            "scale": {
                "x": 1.0,
                "y": 1.0,
                "z": 1.0
            },
            "trackType": 1
        },
        {
            "name": "Enemy",
            "position": {
                "x": 23.399999618530275,
                "y": -11.300000190734864,
                "z": 0.0
            },
            "rotation": {
                "x": 0.035534508526325229,
                "y": 0.03553449362516403,
                "z": 38.618717193603519
            },
            "scale": {
                "x": 1.0,
                "y": 1.0,
                "z": 1.0
            },
            "trackType": 1
        }
    ]
}